symbols,rel_vol_min,skip_minutes,atr_stop_mult,target1_r,target2_r,total_trades,wins,losses,win_rate_pct,total_pnl,avg_pnl,avg_r,score
"META,NVDA,AAPL,AMZN,GOOGL,AVGO",1.0,15,1.0,2.0,3.0,133,65,68,48.87,6134.14,46.12,0.461,7328.19
"META,NVDA,AAPL,AMZN,GOOGL,AVGO",1.0,30,1.0,2.0,3.0,133,65,68,48.87,6134.14,46.12,0.461,7328.19
"META,NVDA,AAPL,AMZN,GOOGL,AVGO",1.0,45,1.0,2.0,3.0,133,65,68,48.87,6134.14,46.12,0.461,7328.19
"META,NVDA,AAPL,AMZN,GOOGL,AVGO",1.0,15,1.0,2.0,2.5,133,65,68,48.87,5753.38,43.26,0.433,6919.43
"META,NVDA,AAPL,AMZN,GOOGL,AVGO",1.0,30,1.0,2.0,2.5,133,65,68,48.87,5753.38,43.26,0.433,6919.43
"META,NVDA,AAPL,AMZN,GOOGL,AVGO",1.0,45,1.0,2.0,2.5,133,65,68,48.87,5753.38,43.26,0.433,6919.43
"META,NVDA,AAPL,AMZN,GOOGL,AVGO",1.2,15,1.0,2.0,3.0,121,60,61,49.59,5485.47,45.33,0.453,6682.32
"META,NVDA,AAPL,AMZN,GOOGL,AVGO",1.2,30,1.0,2.0,3.0,121,60,61,49.59,5485.47,45.33,0.453,6682.32
"META,NVDA,AAPL,AMZN,GOOGL,AVGO",1.2,45,1.0,2.0,3.0,121,60,61,49.59,5485.47,45.33,0.453,6682.32
"META,NVDA,AAPL,AMZN,GOOGL,AVGO",1.0,15,1.0,1.5,3.0,133,69,64,51.88,5305.95,39.89,0.399,6483.15
"META,NVDA,AAPL,AMZN,GOOGL,AVGO",1.0,30,1.0,1.5,3.0,133,69,64,51.88,5305.95,39.89,0.399,6483.15
"META,NVDA,AAPL,AMZN,GOOGL,AVGO",1.0,45,1.0,1.5,3.0,133,69,64,51.88,5305.95,39.89,0.399,6483.15
"META,NVDA,AAPL,AMZN,GOOGL,AVGO",1.0,15,1.2,2.0,3.0,133,65,68,48.87,5321.62,40.01,0.4,6454.67
"META,NVDA,AAPL,AMZN,GOOGL,AVGO",1.0,30,1.2,2.0,3.0,133,65,68,48.87,5321.62,40.01,0.4,6454.67
"META,NVDA,AAPL,AMZN,GOOGL,AVGO",1.0,45,1.2,2.0,3.0,133,65,68,48.87,5321.62,40.01,0.4,6454.67
"META,NVDA,AAPL,AMZN,GOOGL,AVGO",1.2,15,1.0,2.0,2.5,121,60,61,49.59,5081.86,42.0,0.42,6245.71
"META,NVDA,AAPL,AMZN,GOOGL,AVGO",1.2,30,1.0,2.0,2.5,121,60,61,49.59,5081.86,42.0,0.42,6245.71
"META,NVDA,AAPL,AMZN,GOOGL,AVGO",1.2,45,1.0,2.0,2.5,121,60,61,49.59,5081.86,42.0,0.42,6245.71
"META,NVDA,AAPL,AMZN,GOOGL,AVGO",1.0,15,1.2,2.0,2.5,133,65,68,48.87,5037.45,37.88,0.379,6149.5
"META,NVDA,AAPL,AMZN,GOOGL,AVGO",1.0,30,1.2,2.0,2.5,133,65,68,48.87,5037.45,37.88,0.379,6149.5
"META,NVDA,AAPL,AMZN,GOOGL,AVGO",1.0,45,1.2,2.0,2.5,133,65,68,48.87,5037.45,37.88,0.379,6149.5
"META,NVDA,AAPL,AMZN,GOOGL,AVGO",1.0,15,1.5,2.0,3.0,133,69,64,51.88,4893.01,36.79,0.368,6039.21
"META,NVDA,AAPL,AMZN,GOOGL,AVGO",1.0,30,1.5,2.0,3.0,133,69,64,51.88,4893.01,36.79,0.368,6039.21
"META,NVDA,AAPL,AMZN,GOOGL,AVGO",1.0,45,1.5,2.0,3.0,133,69,64,51.88,4893.01,36.79,0.368,6039.21
"META,NVDA,AAPL,AMZN,GOOGL,AVGO",1.0,15,1.5,2.0,2.5,133,69,64,51.88,4866.07,36.59,0.366,6010.27
"META,NVDA,AAPL,AMZN,GOOGL,AVGO",1.0,30,1.5,2.0,2.5,133,69,64,51.88,4866.07,36.59,0.366,6010.27
"META,NVDA,AAPL,AMZN,GOOGL,AVGO",1.0,45,1.5,2.0,2.5,133,69,64,51.88,4866.07,36.59,0.366,6010.27
"META,NVDA,AAPL,AMZN,GOOGL,AVGO",1.0,15,1.0,1.5,2.5,133,69,64,51.88,4849.98,36.47,0.365,5993.18
"META,NVDA,AAPL,AMZN,GOOGL,AVGO",1.0,30,1.0,1.5,2.5,133,69,64,51.88,4849.98,36.47,0.365,5993.18
"META,NVDA,AAPL,AMZN,GOOGL,AVGO",1.0,45,1.0,1.5,2.5,133,69,64,51.88,4849.98,36.47,0.365,5993.18
"META,NVDA,AAPL,AMZN,GOOGL,AVGO",1.0,15,1.2,1.5,3.0,133,70,63,52.63,4806.69,36.14,0.361,5957.14
"META,NVDA,AAPL,AMZN,GOOGL,AVGO",1.0,30,1.2,1.5,3.0,133,70,63,52.63,4806.69,36.14,0.361,5957.14
"META,NVDA,AAPL,AMZN,GOOGL,AVGO",1.0,45,1.2,1.5,3.0,133,70,63,52.63,4806.69,36.14,0.361,5957.14
"META,NVDA,AAPL,AMZN,GOOGL,AVGO",1.2,15,1.0,1.5,3.0,121,64,57,52.89,4735.1,39.13,0.391,5919.45
"META,NVDA,AAPL,AMZN,GOOGL,AVGO",1.2,30,1.0,1.5,3.0,121,64,57,52.89,4735.1,39.13,0.391,5919.45
"META,NVDA,AAPL,AMZN,GOOGL,AVGO",1.2,45,1.0,1.5,3.0,121,64,57,52.89,4735.1,39.13,0.391,5919.45
"META,NVDA,AAPL,AMZN,GOOGL,AVGO",1.4,15,1.0,2.0,3.0,104,50,54,48.08,4712.48,45.31,0.453,5886.68
"META,NVDA,AAPL,AMZN,GOOGL,AVGO",1.4,30,1.0,2.0,3.0,104,50,54,48.08,4712.48,45.31,0.453,5886.68
"META,NVDA,AAPL,AMZN,GOOGL,AVGO",1.4,45,1.0,2.0,3.0,104,50,54,48.08,4712.48,45.31,0.453,5886.68
"META,NVDA,AAPL,AMZN,GOOGL,AVGO",1.0,15,1.5,1.5,3.0,133,73,60,54.89,4706.17,35.38,0.354,5883.52
"META,NVDA,AAPL,AMZN,GOOGL,AVGO",1.0,30,1.5,1.5,3.0,133,73,60,54.89,4706.17,35.38,0.354,5883.52
"META,NVDA,AAPL,AMZN,GOOGL,AVGO",1.0,45,1.5,1.5,3.0,133,73,60,54.89,4706.17,35.38,0.354,5883.52
"META,NVDA,AAPL,AMZN,GOOGL,AVGO",1.0,15,1.5,1.5,2.5,133,73,60,54.89,4679.24,35.18,0.352,5854.59
"META,NVDA,AAPL,AMZN,GOOGL,AVGO",1.0,30,1.5,1.5,2.5,133,73,60,54.89,4679.24,35.18,0.352,5854.59
"META,NVDA,AAPL,AMZN,GOOGL,AVGO",1.0,45,1.5,1.5,2.5,133,73,60,54.89,4679.24,35.18,0.352,5854.59
"META,NVDA,AAPL,AMZN,GOOGL,AVGO",1.0,15,1.2,1.5,2.5,133,70,63,52.63,4674.23,35.14,0.351,5814.68
"META,NVDA,AAPL,AMZN,GOOGL,AVGO",1.0,30,1.2,1.5,2.5,133,70,63,52.63,4674.23,35.14,0.351,5814.68
"META,NVDA,AAPL,AMZN,GOOGL,AVGO",1.0,45,1.2,1.5,2.5,133,70,63,52.63,4674.23,35.14,0.351,5814.68
"META,NVDA,AAPL,AMZN,GOOGL,AVGO",1.2,15,1.2,2.0,3.0,121,58,63,47.93,4493.32,37.13,0.371,5583.27
"META,NVDA,AAPL,AMZN,GOOGL,AVGO",1.2,30,1.2,2.0,3.0,121,58,63,47.93,4493.32,37.13,0.371,5583.27
"META,NVDA,AAPL,AMZN,GOOGL,AVGO",1.2,45,1.2,2.0,3.0,121,58,63,47.93,4493.32,37.13,0.371,5583.27
"META,NVDA,AAPL,AMZN,GOOGL,AVGO",1.4,15,1.0,2.0,2.5,104,50,54,48.08,4433.45,42.63,0.426,5580.65
"META,NVDA,AAPL,AMZN,GOOGL,AVGO",1.4,30,1.0,2.0,2.5,104,50,54,48.08,4433.45,42.63,0.426,5580.65
"META,NVDA,AAPL,AMZN,GOOGL,AVGO",1.4,45,1.0,2.0,2.5,104,50,54,48.08,4433.45,42.63,0.426,5580.65
"META,NVDA,AAPL,AMZN,GOOGL,AVGO",1.4,15,1.0,1.5,3.0,104,55,49,52.88,4279.51,41.15,0.411,5483.71
"META,NVDA,AAPL,AMZN,GOOGL,AVGO",1.4,30,1.0,1.5,3.0,104,55,49,52.88,4279.51,41.15,0.411,5483.71
"META,NVDA,AAPL,AMZN,GOOGL,AVGO",1.4,45,1.0,1.5,3.0,104,55,49,52.88,4279.51,41.15,0.411,5483.71
"META,NVDA,AAPL,AMZN,GOOGL,AVGO",1.2,15,1.0,1.5,2.5,121,64,57,52.89,4256.28,35.18,0.352,5401.63
"META,NVDA,AAPL,AMZN,GOOGL,AVGO",1.2,30,1.0,1.5,2.5,121,64,57,52.89,4256.28,35.18,0.352,5401.63
"META,NVDA,AAPL,AMZN,GOOGL,AVGO",1.2,45,1.0,1.5,2.5,121,64,57,52.89,4256.28,35.18,0.352,5401.63
"META,NVDA,AAPL,AMZN,GOOGL,AVGO",1.2,15,1.2,2.0,2.5,121,58,63,47.93,4234.05,34.99,0.35,5303.0
"META,NVDA,AAPL,AMZN,GOOGL,AVGO",1.2,30,1.2,2.0,2.5,121,58,63,47.93,4234.05,34.99,0.35,5303.0
"META,NVDA,AAPL,AMZN,GOOGL,AVGO",1.2,45,1.2,2.0,2.5,121,58,63,47.93,4234.05,34.99,0.35,5303.0
"META,NVDA,AAPL,AMZN,GOOGL,AVGO",1.2,15,1.5,2.0,3.0,121,62,59,51.24,4169.09,34.46,0.345,5282.69
"META,NVDA,AAPL,AMZN,GOOGL,AVGO",1.2,30,1.5,2.0,3.0,121,62,59,51.24,4169.09,34.46,0.345,5282.69
"META,NVDA,AAPL,AMZN,GOOGL,AVGO",1.2,45,1.5,2.0,3.0,121,62,59,51.24,4169.09,34.46,0.345,5282.69
"META,NVDA,AAPL,AMZN,GOOGL,AVGO",1.2,15,1.5,2.0,2.5,121,62,59,51.24,4167.38,34.44,0.344,5279.98
"META,NVDA,AAPL,AMZN,GOOGL,AVGO",1.2,30,1.5,2.0,2.5,121,62,59,51.24,4167.38,34.44,0.344,5279.98
"META,NVDA,AAPL,AMZN,GOOGL,AVGO",1.2,45,1.5,2.0,2.5,121,62,59,51.24,4167.38,34.44,0.344,5279.98
"META,NVDA,AAPL,AMZN,GOOGL,AVGO",1.2,15,1.2,1.5,3.0,121,63,58,52.07,4113.04,33.99,0.34,5234.09
"META,NVDA,AAPL,AMZN,GOOGL,AVGO",1.2,30,1.2,1.5,3.0,121,63,58,52.07,4113.04,33.99,0.34,5234.09
"META,NVDA,AAPL,AMZN,GOOGL,AVGO",1.2,45,1.2,1.5,3.0,121,63,58,52.07,4113.04,33.99,0.34,5234.09
"META,NVDA,AAPL,AMZN,GOOGL,AVGO",1.2,15,1.2,1.5,2.5,121,63,58,52.07,4005.49,33.1,0.331,5117.54
"META,NVDA,AAPL,AMZN,GOOGL,AVGO",1.2,30,1.2,1.5,2.5,121,63,58,52.07,4005.49,33.1,0.331,5117.54
"META,NVDA,AAPL,AMZN,GOOGL,AVGO",1.2,45,1.2,1.5,2.5,121,63,58,52.07,4005.49,33.1,0.331,5117.54
"META,NVDA,AAPL,AMZN,GOOGL,AVGO",1.2,15,1.5,1.5,3.0,121,66,55,54.55,3966.0,32.78,0.328,5112.25
"META,NVDA,AAPL,AMZN,GOOGL,AVGO",1.2,30,1.5,1.5,3.0,121,66,55,54.55,3966.0,32.78,0.328,5112.25
"META,NVDA,AAPL,AMZN,GOOGL,AVGO",1.2,45,1.5,1.5,3.0,121,66,55,54.55,3966.0,32.78,0.328,5112.25
"META,NVDA,AAPL,AMZN,GOOGL,AVGO",1.2,15,1.5,1.5,2.5,121,66,55,54.55,3964.3,32.76,0.328,5110.55
"META,NVDA,AAPL,AMZN,GOOGL,AVGO",1.2,30,1.5,1.5,2.5,121,66,55,54.55,3964.3,32.76,0.328,5110.55
"META,NVDA,AAPL,AMZN,GOOGL,AVGO",1.2,45,1.5,1.5,2.5,121,66,55,54.55,3964.3,32.76,0.328,5110.55
"META,NVDA,AAPL,AMZN,GOOGL,AVGO",1.4,15,1.0,1.5,2.5,104,55,49,52.88,3925.33,37.74,0.377,5095.53
"META,NVDA,AAPL,AMZN,GOOGL,AVGO",1.4,30,1.0,1.5,2.5,104,55,49,52.88,3925.33,37.74,0.377,5095.53
"META,NVDA,AAPL,AMZN,GOOGL,AVGO",1.4,45,1.0,1.5,2.5,104,55,49,52.88,3925.33,37.74,0.377,5095.53
"META,NVDA,AAPL,AMZN,GOOGL,AVGO",1.4,15,1.2,1.5,3.0,104,54,50,51.92,3837.61,36.9,0.369,4985.41
"META,NVDA,AAPL,AMZN,GOOGL,AVGO",1.4,30,1.2,1.5,3.0,104,54,50,51.92,3837.61,36.9,0.369,4985.41
"META,NVDA,AAPL,AMZN,GOOGL,AVGO",1.4,45,1.2,1.5,3.0,104,54,50,51.92,3837.61,36.9,0.369,4985.41
"META,NVDA,AAPL,AMZN,GOOGL,AVGO",1.4,15,1.2,2.0,3.0,104,48,56,46.15,3888.23,37.39,0.374,4954.48
"META,NVDA,AAPL,AMZN,GOOGL,AVGO",1.4,30,1.2,2.0,3.0,104,48,56,46.15,3888.23,37.39,0.374,4954.48
"META,NVDA,AAPL,AMZN,GOOGL,AVGO",1.4,45,1.2,2.0,3.0,104,48,56,46.15,3888.23,37.39,0.374,4954.48
"META,NVDA,AAPL,AMZN,GOOGL,AVGO",1.4,15,1.2,1.5,2.5,104,54,50,51.92,3733.46,35.9,0.359,4871.26
"META,NVDA,AAPL,AMZN,GOOGL,AVGO",1.4,30,1.2,1.5,2.5,104,54,50,51.92,3733.46,35.9,0.359,4871.26
"META,NVDA,AAPL,AMZN,GOOGL,AVGO",1.4,45,1.2,1.5,2.5,104,54,50,51.92,3733.46,35.9,0.359,4871.26
"META,NVDA,AAPL,AMZN,GOOGL,AVGO",1.4,15,1.5,2.0,3.0,104,52,52,50.0,3683.17,35.42,0.354,4787.17
"META,NVDA,AAPL,AMZN,GOOGL,AVGO",1.4,30,1.5,2.0,3.0,104,52,52,50.0,3683.17,35.42,0.354,4787.17
"META,NVDA,AAPL,AMZN,GOOGL,AVGO",1.4,45,1.5,2.0,3.0,104,52,52,50.0,3683.17,35.42,0.354,4787.17
"META,NVDA,AAPL,AMZN,GOOGL,AVGO",1.4,15,1.5,1.5,3.0,104,56,48,53.85,3610.88,34.72,0.347,4765.63
"META,NVDA,AAPL,AMZN,GOOGL,AVGO",1.4,30,1.5,1.5,3.0,104,56,48,53.85,3610.88,34.72,0.347,4765.63
"META,NVDA,AAPL,AMZN,GOOGL,AVGO",1.4,45,1.5,1.5,3.0,104,56,48,53.85,3610.88,34.72,0.347,4765.63
"META,NVDA,AAPL,AMZN,GOOGL,AVGO",1.4,15,1.2,2.0,2.5,104,48,56,46.15,3632.64,34.93,0.349,4673.89
"META,NVDA,AAPL,AMZN,GOOGL,AVGO",1.4,30,1.2,2.0,2.5,104,48,56,46.15,3632.64,34.93,0.349,4673.89
"META,NVDA,AAPL,AMZN,GOOGL,AVGO",1.4,45,1.2,2.0,2.5,104,48,56,46.15,3632.64,34.93,0.349,4673.89
"META,NVDA,AAPL,AMZN,GOOGL,AVGO",1.4,15,1.5,2.0,2.5,104,52,52,50.0,3557.2,34.2,0.342,4649.2
"META,NVDA,AAPL,AMZN,GOOGL,AVGO",1.4,30,1.5,2.0,2.5,104,52,52,50.0,3557.2,34.2,0.342,4649.2
"META,NVDA,AAPL,AMZN,GOOGL,AVGO",1.4,45,1.5,2.0,2.5,104,52,52,50.0,3557.2,34.2,0.342,4649.2
"META,NVDA,AAPL,AMZN,GOOGL,AVGO",1.4,15,1.5,1.5,2.5,104,56,48,53.85,3484.9,33.51,0.335,4627.65
"META,NVDA,AAPL,AMZN,GOOGL,AVGO",1.4,30,1.5,1.5,2.5,104,56,48,53.85,3484.9,33.51,0.335,4627.65
"META,NVDA,AAPL,AMZN,GOOGL,AVGO",1.4,45,1.5,1.5,2.5,104,56,48,53.85,3484.9,33.51,0.335,4627.65
"META,NVDA,AAPL",1.0,15,1.0,2.0,3.0,65,33,32,50.77,3333.16,51.28,0.513,4607.71
"META,NVDA,AAPL",1.0,30,1.0,2.0,3.0,65,33,32,50.77,3333.16,51.28,0.513,4607.71
"META,NVDA,AAPL",1.0,45,1.0,2.0,3.0,65,33,32,50.77,3333.16,51.28,0.513,4607.71
"META,NVDA,AAPL",1.0,15,1.0,2.0,2.5,65,33,32,50.77,3329.52,51.22,0.512,4603.07
"META,NVDA,AAPL",1.0,30,1.0,2.0,2.5,65,33,32,50.77,3329.52,51.22,0.512,4603.07
"META,NVDA,AAPL",1.0,45,1.0,2.0,2.5,65,33,32,50.77,3329.52,51.22,0.512,4603.07
"META,NVDA,AAPL",1.0,15,1.0,1.5,3.0,65,36,29,55.38,3226.09,49.63,0.496,4552.79
"META,NVDA,AAPL",1.0,30,1.0,1.5,3.0,65,36,29,55.38,3226.09,49.63,0.496,4552.79
"META,NVDA,AAPL",1.0,45,1.0,1.5,3.0,65,36,29,55.38,3226.09,49.63,0.496,4552.79
"META,NVDA,AAPL",1.0,15,1.5,2.0,3.0,65,37,28,56.92,3176.12,48.86,0.489,4518.92
"META,NVDA,AAPL",1.0,30,1.5,2.0,3.0,65,37,28,56.92,3176.12,48.86,0.489,4518.92
"META,NVDA,AAPL",1.0,45,1.5,2.0,3.0,65,37,28,56.92,3176.12,48.86,0.489,4518.92
"META,NVDA,AAPL",1.0,15,1.5,2.0,2.5,65,37,28,56.92,3065.38,47.16,0.472,4391.18
"META,NVDA,AAPL",1.0,30,1.5,2.0,2.5,65,37,28,56.92,3065.38,47.16,0.472,4391.18
"META,NVDA,AAPL",1.0,45,1.5,2.0,2.5,65,37,28,56.92,3065.38,47.16,0.472,4391.18
"META,NVDA,AAPL",1.0,15,1.0,1.5,2.5,65,36,29,55.38,3072.18,47.26,0.473,4375.88
"META,NVDA,AAPL",1.0,30,1.0,1.5,2.5,65,36,29,55.38,3072.18,47.26,0.473,4375.88
"META,NVDA,AAPL",1.0,45,1.0,1.5,2.5,65,36,29,55.38,3072.18,47.26,0.473,4375.88
"META,NVDA,AAPL,AMZN",1.0,15,1.0,2.0,3.0,89,41,48,46.07,3263.12,36.66,0.367,4321.17
"META,NVDA,AAPL,AMZN",1.0,30,1.0,2.0,3.0,89,41,48,46.07,3263.12,36.66,0.367,4321.17
"META,NVDA,AAPL,AMZN",1.0,45,1.0,2.0,3.0,89,41,48,46.07,3263.12,36.66,0.367,4321.17
"META,NVDA,AAPL,AMZN",1.0,15,1.0,2.0,2.5,89,41,48,46.07,3255.97,36.58,0.366,4313.02
"META,NVDA,AAPL,AMZN",1.0,30,1.0,2.0,2.5,89,41,48,46.07,3255.97,36.58,0.366,4313.02
"META,NVDA,AAPL,AMZN",1.0,45,1.0,2.0,2.5,89,41,48,46.07,3255.97,36.58,0.366,4313.02
"META,NVDA,AAPL",1.0,15,1.5,1.5,3.0,65,38,27,58.46,2919.45,44.91,0.449,4245.35
"META,NVDA,AAPL",1.0,30,1.5,1.5,3.0,65,38,27,58.46,2919.45,44.91,0.449,4245.35
"META,NVDA,AAPL",1.0,45,1.5,1.5,3.0,65,38,27,58.46,2919.45,44.91,0.449,4245.35
"META,NVDA,AAPL",1.0,15,1.2,2.0,3.0,65,34,31,52.31,2984.65,45.92,0.459,4228.3
"META,NVDA,AAPL",1.0,30,1.2,2.0,3.0,65,34,31,52.31,2984.65,45.92,0.459,4228.3
"META,NVDA,AAPL",1.0,45,1.2,2.0,3.0,65,34,31,52.31,2984.65,45.92,0.459,4228.3
"META,NVDA,AAPL",1.0,15,1.2,2.0,2.5,65,34,31,52.31,2944.81,45.3,0.453,4182.46
"META,NVDA,AAPL",1.0,30,1.2,2.0,2.5,65,34,31,52.31,2944.81,45.3,0.453,4182.46
"META,NVDA,AAPL",1.0,45,1.2,2.0,2.5,65,34,31,52.31,2944.81,45.3,0.453,4182.46
"META,NVDA,AAPL",1.0,15,1.5,1.5,2.5,65,38,27,58.46,2808.7,43.21,0.432,4117.6
"META,NVDA,AAPL",1.0,30,1.5,1.5,2.5,65,38,27,58.46,2808.7,43.21,0.432,4117.6
"META,NVDA,AAPL",1.0,45,1.5,1.5,2.5,65,38,27,58.46,2808.7,43.21,0.432,4117.6
"META,NVDA,AAPL,AMZN",1.0,15,1.5,2.0,3.0,89,45,44,50.56,2990.48,33.6,0.336,4084.88
"META,NVDA,AAPL,AMZN",1.0,30,1.5,2.0,3.0,89,45,44,50.56,2990.48,33.6,0.336,4084.88
"META,NVDA,AAPL,AMZN",1.0,45,1.5,2.0,3.0,89,45,44,50.56,2990.48,33.6,0.336,4084.88
"META,NVDA,AAPL,AMZN",1.0,15,1.5,2.0,2.5,89,45,44,50.56,2936.05,32.99,0.33,4024.45
"META,NVDA,AAPL,AMZN",1.0,30,1.5,2.0,2.5,89,45,44,50.56,2936.05,32.99,0.33,4024.45
"META,NVDA,AAPL,AMZN",1.0,45,1.5,2.0,2.5,89,45,44,50.56,2936.05,32.99,0.33,4024.45
"META,NVDA,AAPL",1.2,15,1.0,1.5,3.0,60,34,26,56.67,2650.64,44.18,0.442,3942.69
"META,NVDA,AAPL",1.2,30,1.0,1.5,3.0,60,34,26,56.67,2650.64,44.18,0.442,3942.69
"META,NVDA,AAPL",1.2,45,1.0,1.5,3.0,60,34,26,56.67,2650.64,44.18,0.442,3942.69
"META,NVDA,AAPL,AMZN",1.0,15,1.2,2.0,3.0,89,42,47,47.19,2895.95,32.54,0.325,3928.8
"META,NVDA,AAPL,AMZN",1.0,30,1.2,2.0,3.0,89,42,47,47.19,2895.95,32.54,0.325,3928.8
"META,NVDA,AAPL,AMZN",1.0,45,1.2,2.0,3.0,89,42,47,47.19,2895.95,32.54,0.325,3928.8
"META,NVDA,AAPL",1.2,15,1.5,2.0,3.0,60,35,25,58.33,2605.86,43.43,0.434,3914.81
"META,NVDA,AAPL",1.2,30,1.5,2.0,3.0,60,35,25,58.33,2605.86,43.43,0.434,3914.81
"META,NVDA,AAPL",1.2,45,1.5,2.0,3.0,60,35,25,58.33,2605.86,43.43,0.434,3914.81
"META,NVDA,AAPL,AMZN",1.0,15,1.5,1.5,3.0,89,47,42,52.81,2786.53,31.31,0.313,3891.68
"META,NVDA,AAPL,AMZN",1.0,30,1.5,1.5,3.0,89,47,42,52.81,2786.53,31.31,0.313,3891.68
"META,NVDA,AAPL,AMZN",1.0,45,1.5,1.5,3.0,89,47,42,52.81,2786.53,31.31,0.313,3891.68
"META,NVDA,AAPL",1.4,15,1.5,2.0,3.0,48,28,20,58.33,2495.83,52.0,0.52,3890.78
"META,NVDA,AAPL",1.4,30,1.5,2.0,3.0,48,28,20,58.33,2495.83,52.0,0.52,3890.78
"META,NVDA,AAPL",1.4,45,1.5,2.0,3.0,48,28,20,58.33,2495.83,52.0,0.52,3890.78
"META,NVDA,AAPL,AMZN",1.0,15,1.5,1.5,2.5,89,47,42,52.81,2732.1,30.7,0.307,3831.25
"META,NVDA,AAPL,AMZN",1.0,30,1.5,1.5,2.5,89,47,42,52.81,2732.1,30.7,0.307,3831.25
"META,NVDA,AAPL,AMZN",1.0,45,1.5,1.5,2.5,89,47,42,52.81,2732.1,30.7,0.307,3831.25
"META,NVDA,AAPL",1.2,15,1.0,2.0,3.0,60,31,29,51.67,2611.68,43.53,0.435,3821.73
"META,NVDA,AAPL",1.2,30,1.0,2.0,3.0,60,31,29,51.67,2611.68,43.53,0.435,3821.73
"META,NVDA,AAPL",1.2,45,1.0,2.0,3.0,60,31,29,51.67,2611.68,43.53,0.435,3821.73
"META,NVDA,AAPL",1.2,15,1.5,2.0,2.5,60,35,25,58.33,2520.35,42.01,0.42,3815.3
"META,NVDA,AAPL",1.2,30,1.5,2.0,2.5,60,35,25,58.33,2520.35,42.01,0.42,3815.3
"META,NVDA,AAPL",1.2,45,1.5,2.0,2.5,60,35,25,58.33,2520.35,42.01,0.42,3815.3
"META,NVDA,AAPL,AMZN",1.0,15,1.0,1.5,3.0,89,44,45,49.44,2743.5,30.83,0.308,3793.1
"META,NVDA,AAPL,AMZN",1.0,30,1.0,1.5,3.0,89,44,45,49.44,2743.5,30.83,0.308,3793.1
"META,NVDA,AAPL,AMZN",1.0,45,1.0,1.5,3.0,89,44,45,49.44,2743.5,30.83,0.308,3793.1
"META,NVDA,AAPL",1.2,15,1.0,2.0,2.5,60,31,29,51.67,2585.19,43.09,0.431,3791.24
"META,NVDA,AAPL",1.2,30,1.0,2.0,2.5,60,31,29,51.67,2585.19,43.09,0.431,3791.24
"META,NVDA,AAPL",1.2,45,1.0,2.0,2.5,60,31,29,51.67,2585.19,43.09,0.431,3791.24
"META,NVDA,AAPL,AMZN",1.0,15,1.2,2.0,2.5,89,42,47,47.19,2755.99,30.97,0.31,3773.84
"META,NVDA,AAPL,AMZN",1.0,30,1.2,2.0,2.5,89,42,47,47.19,2755.99,30.97,0.31,3773.84
"META,NVDA,AAPL,AMZN",1.0,45,1.2,2.0,2.5,89,42,47,47.19,2755.99,30.97,0.31,3773.84
"META,NVDA,AAPL",1.4,15,1.0,1.5,3.0,48,28,20,58.33,2396.34,49.92,0.499,3770.29
"META,NVDA,AAPL",1.4,30,1.0,1.5,3.0,48,28,20,58.33,2396.34,49.92,0.499,3770.29
"META,NVDA,AAPL",1.4,45,1.0,1.5,3.0,48,28,20,58.33,2396.34,49.92,0.499,3770.29
"META,NVDA,AAPL",1.2,15,1.0,1.5,2.5,60,34,26,56.67,2473.88,41.23,0.412,3735.93
"META,NVDA,AAPL",1.2,30,1.0,1.5,2.5,60,34,26,56.67,2473.88,41.23,0.412,3735.93
"META,NVDA,AAPL",1.2,45,1.0,1.5,2.5,60,34,26,56.67,2473.88,41.23,0.412,3735.93
"META,NVDA,AAPL",1.4,15,1.5,1.5,3.0,48,29,19,60.42,2297.0,47.85,0.479,3682.3
"META,NVDA,AAPL",1.4,30,1.5,1.5,3.0,48,29,19,60.42,2297.0,47.85,0.479,3682.3
"META,NVDA,AAPL",1.4,45,1.5,1.5,3.0,48,29,19,60.42,2297.0,47.85,0.479,3682.3
"META,NVDA,AAPL",1.4,15,1.5,2.0,2.5,48,28,20,58.33,2320.8,48.35,0.483,3678.75
"META,NVDA,AAPL",1.4,30,1.5,2.0,2.5,48,28,20,58.33,2320.8,48.35,0.483,3678.75
"META,NVDA,AAPL",1.4,45,1.5,2.0,2.5,48,28,20,58.33,2320.8,48.35,0.483,3678.75
"META,NVDA,AAPL",1.4,15,1.0,1.5,2.5,48,28,20,58.33,2319.72,48.33,0.483,3677.67
"META,NVDA,AAPL",1.4,30,1.0,1.5,2.5,48,28,20,58.33,2319.72,48.33,0.483,3677.67
"META,NVDA,AAPL",1.4,45,1.0,1.5,2.5,48,28,20,58.33,2319.72,48.33,0.483,3677.67
"META,NVDA,AAPL,AMZN",1.0,15,1.0,1.5,2.5,89,44,45,49.44,2636.06,29.62,0.296,3673.66
"META,NVDA,AAPL,AMZN",1.0,30,1.0,1.5,2.5,89,44,45,49.44,2636.06,29.62,0.296,3673.66
"META,NVDA,AAPL,AMZN",1.0,45,1.0,1.5,2.5,89,44,45,49.44,2636.06,29.62,0.296,3673.66
"META,NVDA,AAPL",1.0,15,1.2,1.5,2.5,65,34,31,52.31,2466.78,37.95,0.38,3631.43
"META,NVDA,AAPL",1.0,30,1.2,1.5,2.5,65,34,31,52.31,2466.78,37.95,0.38,3631.43
"META,NVDA,AAPL",1.0,45,1.2,1.5,2.5,65,34,31,52.31,2466.78,37.95,0.38,3631.43
"META,NVDA,AAPL",1.2,15,1.5,1.5,3.0,60,36,24,60.0,2332.94,38.88,0.389,3621.94
"META,NVDA,AAPL",1.2,30,1.5,1.5,3.0,60,36,24,60.0,2332.94,38.88,0.389,3621.94
"META,NVDA,AAPL",1.2,45,1.5,1.5,3.0,60,36,24,60.0,2332.94,38.88,0.389,3621.94
"META,NVDA,AAPL",1.0,15,1.2,1.5,3.0,65,34,31,52.31,2404.92,37.0,0.37,3559.57
"META,NVDA,AAPL",1.0,30,1.2,1.5,3.0,65,34,31,52.31,2404.92,37.0,0.37,3559.57
"META,NVDA,AAPL",1.0,45,1.2,1.5,3.0,65,34,31,52.31,2404.92,37.0,0.37,3559.57
"META,NVDA,AAPL",1.2,15,1.5,1.5,2.5,60,36,24,60.0,2247.42,37.46,0.375,3522.42
"META,NVDA,AAPL",1.2,30,1.5,1.5,2.5,60,36,24,60.0,2247.42,37.46,0.375,3522.42
"META,NVDA,AAPL",1.2,45,1.5,1.5,2.5,60,36,24,60.0,2247.42,37.46,0.375,3522.42
"META,NVDA,AAPL",1.2,15,1.2,2.0,3.0,60,32,28,53.33,2323.32,38.72,0.387,3510.27
"META,NVDA,AAPL",1.2,30,1.2,2.0,3.0,60,32,28,53.33,2323.32,38.72,0.387,3510.27
"META,NVDA,AAPL",1.2,45,1.2,2.0,3.0,60,32,28,53.33,2323.32,38.72,0.387,3510.27
"META,NVDA,AAPL",1.2,15,1.2,2.0,2.5,60,32,28,53.33,2308.38,38.47,0.385,3493.33
"META,NVDA,AAPL",1.2,30,1.2,2.0,2.5,60,32,28,53.33,2308.38,38.47,0.385,3493.33
"META,NVDA,AAPL",1.2,45,1.2,2.0,2.5,60,32,28,53.33,2308.38,38.47,0.385,3493.33
"META,NVDA,AAPL,AMZN",1.2,15,1.0,2.0,3.0,82,38,44,46.34,2473.27,30.16,0.302,3470.37
"META,NVDA,AAPL,AMZN",1.2,30,1.0,2.0,3.0,82,38,44,46.34,2473.27,30.16,0.302,3470.37
"META,NVDA,AAPL,AMZN",1.2,45,1.0,2.0,3.0,82,38,44,46.34,2473.27,30.16,0.302,3470.37
"META,NVDA,AAPL",1.4,15,1.5,1.5,2.5,48,29,19,60.42,2121.95,44.21,0.442,3470.25
"META,NVDA,AAPL",1.4,30,1.5,1.5,2.5,48,29,19,60.42,2121.95,44.21,0.442,3470.25
"META,NVDA,AAPL",1.4,45,1.5,1.5,2.5,48,29,19,60.42,2121.95,44.21,0.442,3470.25
"META,NVDA,AAPL",1.4,15,1.0,2.0,2.5,48,24,24,50.0,2227.09,46.4,0.464,3441.09
"META,NVDA,AAPL",1.4,30,1.0,2.0,2.5,48,24,24,50.0,2227.09,46.4,0.464,3441.09
"META,NVDA,AAPL",1.4,45,1.0,2.0,2.5,48,24,24,50.0,2227.09,46.4,0.464,3441.09
"META,NVDA,AAPL,AMZN",1.2,15,1.0,2.0,2.5,82,38,44,46.34,2443.27,29.8,0.298,3436.37
"META,NVDA,AAPL,AMZN",1.2,30,1.0,2.0,2.5,82,38,44,46.34,2443.27,29.8,0.298,3436.37
"META,NVDA,AAPL,AMZN",1.2,45,1.0,2.0,2.5,82,38,44,46.34,2443.27,29.8,0.298,3436.37
"META,NVDA,AAPL,AMZN",1.2,15,1.5,2.0,3.0,82,42,40,51.22,2375.08,28.96,0.29,3433.38
"META,NVDA,AAPL,AMZN",1.2,30,1.5,2.0,3.0,82,42,40,51.22,2375.08,28.96,0.29,3433.38
"META,NVDA,AAPL,AMZN",1.2,45,1.5,2.0,3.0,82,42,40,51.22,2375.08,28.96,0.29,3433.38
"META,NVDA,AAPL,AMZN",1.2,15,1.5,2.0,2.5,82,42,40,51.22,2345.88,28.61,0.286,3400.18
"META,NVDA,AAPL,AMZN",1.2,30,1.5,2.0,2.5,82,42,40,51.22,2345.88,28.61,0.286,3400.18
"META,NVDA,AAPL,AMZN",1.2,45,1.5,2.0,2.5,82,42,40,51.22,2345.88,28.61,0.286,3400.18
"META,NVDA,AAPL",1.4,15,1.0,2.0,3.0,48,24,24,50.0,2178.51,45.39,0.454,3382.51
"META,NVDA,AAPL",1.4,30,1.0,2.0,3.0,48,24,24,50.0,2178.51,45.39,0.454,3382.51
"META,NVDA,AAPL",1.4,45,1.0,2.0,3.0,48,24,24,50.0,2178.51,45.39,0.454,3382.51
"META,NVDA,AAPL",1.4,15,1.2,2.0,3.0,48,25,23,52.08,2074.04,43.21,0.432,3287.24
"META,NVDA,AAPL",1.4,30,1.2,2.0,3.0,48,25,23,52.08,2074.04,43.21,0.432,3287.24
"META,NVDA,AAPL",1.4,45,1.2,2.0,3.0,48,25,23,52.08,2074.04,43.21,0.432,3287.24
"META,NVDA,AAPL,AMZN",1.2,15,1.5,1.5,3.0,82,44,38,53.66,2154.88,26.28,0.263,3222.78
"META,NVDA,AAPL,AMZN",1.2,30,1.5,1.5,3.0,82,44,38,53.66,2154.88,26.28,0.263,3222.78
"META,NVDA,AAPL,AMZN",1.2,45,1.5,1.5,3.0,82,44,38,53.66,2154.88,26.28,0.263,3222.78
"META,NVDA,AAPL",1.4,15,1.2,2.0,2.5,48,25,23,52.08,2012.18,41.92,0.419,3212.38
"META,NVDA,AAPL",1.4,30,1.2,2.0,2.5,48,25,23,52.08,2012.18,41.92,0.419,3212.38
"META,NVDA,AAPL",1.4,45,1.2,2.0,2.5,48,25,23,52.08,2012.18,41.92,0.419,3212.38
"META,NVDA,AAPL,AMZN",1.2,15,1.5,1.5,2.5,82,44,38,53.66,2125.68,25.92,0.259,3189.58
"META,NVDA,AAPL,AMZN",1.2,30,1.5,1.5,2.5,82,44,38,53.66,2125.68,25.92,0.259,3189.58
"META,NVDA,AAPL,AMZN",1.2,45,1.5,1.5,2.5,82,44,38,53.66,2125.68,25.92,0.259,3189.58
"META,NVDA,AAPL,AMZN",1.2,15,1.2,2.0,3.0,82,39,43,47.56,2177.87,26.56,0.266,3157.27
"META,NVDA,AAPL,AMZN",1.2,30,1.2,2.0,3.0,82,39,43,47.56,2177.87,26.56,0.266,3157.27
"META,NVDA,AAPL,AMZN",1.2,45,1.2,2.0,3.0,82,39,43,47.56,2177.87,26.56,0.266,3157.27
"META,NVDA,AAPL,AMZN",1.2,15,1.0,1.5,3.0,82,41,41,50.0,2099.41,25.6,0.256,3105.41
"META,NVDA,AAPL,AMZN",1.2,30,1.0,1.5,3.0,82,41,41,50.0,2099.41,25.6,0.256,3105.41
"META,NVDA,AAPL,AMZN",1.2,45,1.0,1.5,3.0,82,41,41,50.0,2099.41,25.6,0.256,3105.41
"META,NVDA,AAPL",1.2,15,1.2,1.5,2.5,60,32,28,53.33,1969.9,32.83,0.328,3097.85
"META,NVDA,AAPL",1.2,30,1.2,1.5,2.5,60,32,28,53.33,1969.9,32.83,0.328,3097.85
"META,NVDA,AAPL",1.2,45,1.2,1.5,2.5,60,32,28,53.33,1969.9,32.83,0.328,3097.85
"META,NVDA,AAPL,AMZN",1.4,15,1.5,2.0,3.0,68,33,35,48.53,2016.5,29.65,0.296,3040.45
"META,NVDA,AAPL,AMZN",1.4,30,1.5,2.0,3.0,68,33,35,48.53,2016.5,29.65,0.296,3040.45
"META,NVDA,AAPL,AMZN",1.4,45,1.5,2.0,3.0,68,33,35,48.53,2016.5,29.65,0.296,3040.45
"META,NVDA,AAPL",1.4,15,1.2,1.5,2.5,48,26,22,54.17,1835.61,38.24,0.382,3030.16
"META,NVDA,AAPL",1.4,30,1.2,1.5,2.5,48,26,22,54.17,1835.61,38.24,0.382,3030.16
"META,NVDA,AAPL",1.4,45,1.2,1.5,2.5,48,26,22,54.17,1835.61,38.24,0.382,3030.16
"META,NVDA,AAPL,AMZN",1.2,15,1.2,2.0,2.5,82,39,43,47.56,2062.81,25.16,0.252,3028.21
"META,NVDA,AAPL,AMZN",1.2,30,1.2,2.0,2.5,82,39,43,47.56,2062.81,25.16,0.252,3028.21
"META,NVDA,AAPL,AMZN",1.2,45,1.2,2.0,2.5,82,39,43,47.56,2062.81,25.16,0.252,3028.21
"META,NVDA,AAPL",1.2,15,1.2,1.5,3.0,60,32,28,53.33,1883.13,31.39,0.314,2997.08
"META,NVDA,AAPL",1.2,30,1.2,1.5,3.0,60,32,28,53.33,1883.13,31.39,0.314,2997.08
"META,NVDA,AAPL",1.2,45,1.2,1.5,3.0,60,32,28,53.33,1883.13,31.39,0.314,2997.08
"META,NVDA,AAPL,AMZN",1.2,15,1.0,1.5,2.5,82,41,41,50.0,1969.12,24.01,0.24,2959.12
"META,NVDA,AAPL,AMZN",1.2,30,1.0,1.5,2.5,82,41,41,50.0,1969.12,24.01,0.24,2959.12
"META,NVDA,AAPL,AMZN",1.2,45,1.0,1.5,2.5,82,41,41,50.0,1969.12,24.01,0.24,2959.12
"META,NVDA,AAPL",1.4,15,1.2,1.5,3.0,48,26,22,54.17,1770.83,36.89,0.369,2952.38
"META,NVDA,AAPL",1.4,30,1.2,1.5,3.0,48,26,22,54.17,1770.83,36.89,0.369,2952.38
"META,NVDA,AAPL",1.4,45,1.2,1.5,3.0,48,26,22,54.17,1770.83,36.89,0.369,2952.38
"META,NVDA,AAPL,AMZN",1.4,15,1.5,1.5,3.0,68,35,33,51.47,1895.15,27.87,0.279,2946.2
"META,NVDA,AAPL,AMZN",1.4,30,1.5,1.5,3.0,68,35,33,51.47,1895.15,27.87,0.279,2946.2
"META,NVDA,AAPL,AMZN",1.4,45,1.5,1.5,3.0,68,35,33,51.47,1895.15,27.87,0.279,2946.2
"META,NVDA,AAPL,AMZN",1.4,15,1.5,2.0,2.5,68,33,35,48.53,1837.98,27.03,0.27,2835.93
"META,NVDA,AAPL,AMZN",1.4,30,1.5,2.0,2.5,68,33,35,48.53,1837.98,27.03,0.27,2835.93
"META,NVDA,AAPL,AMZN",1.4,45,1.5,2.0,2.5,68,33,35,48.53,1837.98,27.03,0.27,2835.93
"META,NVDA,AAPL,AMZN",1.0,15,1.2,1.5,2.5,89,42,47,47.19,1878.9,21.11,0.211,2797.75
"META,NVDA,AAPL,AMZN",1.0,30,1.2,1.5,2.5,89,42,47,47.19,1878.9,21.11,0.211,2797.75
"META,NVDA,AAPL,AMZN",1.0,45,1.2,1.5,2.5,89,42,47,47.19,1878.9,21.11,0.211,2797.75
"META,NVDA,AAPL,AMZN",1.0,15,1.2,1.5,3.0,89,42,47,47.19,1867.12,20.98,0.21,2784.97
"META,NVDA,AAPL,AMZN",1.0,30,1.2,1.5,3.0,89,42,47,47.19,1867.12,20.98,0.21,2784.97
"META,NVDA,AAPL,AMZN",1.0,45,1.2,1.5,3.0,89,42,47,47.19,1867.12,20.98,0.21,2784.97
"META,NVDA,AAPL,AMZN",1.4,15,1.5,1.5,2.5,68,35,33,51.47,1716.62,25.24,0.252,2740.67
"META,NVDA,AAPL,AMZN",1.4,30,1.5,1.5,2.5,68,35,33,51.47,1716.62,25.24,0.252,2740.67
"META,NVDA,AAPL,AMZN",1.4,45,1.5,1.5,2.5,68,35,33,51.47,1716.62,25.24,0.252,2740.67
"META,NVDA,AAPL,AMZN",1.4,15,1.0,2.0,2.5,68,29,39,42.65,1829.22,26.9,0.269,2737.97
"META,NVDA,AAPL,AMZN",1.4,30,1.0,2.0,2.5,68,29,39,42.65,1829.22,26.9,0.269,2737.97
"META,NVDA,AAPL,AMZN",1.4,45,1.0,2.0,2.5,68,29,39,42.65,1829.22,26.9,0.269,2737.97
"META,NVDA,AAPL,AMZN",1.4,15,1.0,1.5,3.0,68,33,35,48.53,1702.88,25.04,0.25,2680.83
"META,NVDA,AAPL,AMZN",1.4,30,1.0,1.5,3.0,68,33,35,48.53,1702.88,25.04,0.25,2680.83
"META,NVDA,AAPL,AMZN",1.4,45,1.0,1.5,3.0,68,33,35,48.53,1702.88,25.04,0.25,2680.83
"META,NVDA,AAPL,AMZN",1.4,15,1.0,2.0,3.0,68,29,39,42.65,1759.14,25.87,0.259,2657.89
"META,NVDA,AAPL,AMZN",1.4,30,1.0,2.0,3.0,68,29,39,42.65,1759.14,25.87,0.259,2657.89
"META,NVDA,AAPL,AMZN",1.4,45,1.0,2.0,3.0,68,29,39,42.65,1759.14,25.87,0.259,2657.89
"META,NVDA,AAPL,AMZN",1.4,15,1.0,1.5,2.5,68,33,35,48.53,1672.73,24.6,0.246,2646.68
"META,NVDA,AAPL,AMZN",1.4,30,1.0,1.5,2.5,68,33,35,48.53,1672.73,24.6,0.246,2646.68
"META,NVDA,AAPL,AMZN",1.4,45,1.0,1.5,2.5,68,33,35,48.53,1672.73,24.6,0.246,2646.68
"META,NVDA,AAPL,AMZN",1.4,15,1.2,2.0,3.0,68,30,38,44.12,1652.34,24.3,0.243,2557.14
"META,NVDA,AAPL,AMZN",1.4,30,1.2,2.0,3.0,68,30,38,44.12,1652.34,24.3,0.243,2557.14
"META,NVDA,AAPL,AMZN",1.4,45,1.2,2.0,3.0,68,30,38,44.12,1652.34,24.3,0.243,2557.14
"META,NVDA,AAPL,AMZN",1.4,15,1.2,2.0,2.5,68,30,38,44.12,1515.57,22.29,0.223,2400.37
"META,NVDA,AAPL,AMZN",1.4,30,1.2,2.0,2.5,68,30,38,44.12,1515.57,22.29,0.223,2400.37
"META,NVDA,AAPL,AMZN",1.4,45,1.2,2.0,2.5,68,30,38,44.12,1515.57,22.29,0.223,2400.37
"META,NVDA,AAPL,AMZN",1.2,15,1.2,1.5,2.5,82,39,43,47.56,1325.27,16.16,0.162,2200.67
"META,NVDA,AAPL,AMZN",1.2,30,1.2,1.5,2.5,82,39,43,47.56,1325.27,16.16,0.162,2200.67
"META,NVDA,AAPL,AMZN",1.2,45,1.2,1.5,2.5,82,39,43,47.56,1325.27,16.16,0.162,2200.67
"META,NVDA,AAPL,AMZN",1.2,15,1.2,1.5,3.0,82,39,43,47.56,1288.58,15.71,0.157,2158.98
"META,NVDA,AAPL,AMZN",1.2,30,1.2,1.5,3.0,82,39,43,47.56,1288.58,15.71,0.157,2158.98
"META,NVDA,AAPL,AMZN",1.2,45,1.2,1.5,3.0,82,39,43,47.56,1288.58,15.71,0.157,2158.98
"META,NVDA,AAPL,AMZN",1.4,15,1.2,1.5,2.5,68,31,37,45.59,1090.62,16.04,0.16,1934.47
"META,NVDA,AAPL,AMZN",1.4,30,1.2,1.5,2.5,68,31,37,45.59,1090.62,16.04,0.16,1934.47
"META,NVDA,AAPL,AMZN",1.4,45,1.2,1.5,2.5,68,31,37,45.59,1090.62,16.04,0.16,1934.47
"META,NVDA,AAPL,AMZN",1.4,15,1.2,1.5,3.0,68,31,37,45.59,1075.92,15.82,0.158,1917.77
"META,NVDA,AAPL,AMZN",1.4,30,1.2,1.5,3.0,68,31,37,45.59,1075.92,15.82,0.158,1917.77
"META,NVDA,AAPL,AMZN",1.4,45,1.2,1.5,3.0,68,31,37,45.59,1075.92,15.82,0.158,1917.77
